Step,Rule,Width,Ones,H1,H2,HistoryH1,ProjectU,Candidates,OpenTopics,Verified,ProjectedCells,RowBits
0,0,9,4,0.991076059838222,2,0.991076059838222,4,16,4,0,0,011101000
1,90,11,4,0.94566030460064,1.89546184423832,0.970950594454669,4,16,4,0,0,01101001000
2,90,13,6,0.995727452084926,2,0.983376190139224,4,16,4,0,0,0111001101000
3,90,15,8,0.996791631981637,1.95919042341995,0.99498482818597,4,16,4,0,0,011011111001000
4,90,17,8,0.997502546369115,2,0.995727452084926,4,16,4,0,0,01110100011101000
5,90,19,8,0.981940786864098,1.89106111207265,0.993447238380203,4,16,4,0,0,0110100101101001000
6,90,21,9,0.985228136034252,1.98547529722733,0.992068624844712,3,8,3,0,1,001100110011001101000
7,150,23,9,0.96563613337061,1.94946430277941,0.988699408288497,3,8,3,0,0,00100110011001100011000
8,150,25,11,0.989587521222056,1.98993437832558,0.988847027888396,3,8,3,0,0,0011110011001100101001000
9,150,27,15,0.991076059838222,1.96357373752296,0.994292934652045,3,8,3,0,0,001011011001100111011111000
10,150,29,11,0.957553483714748,1.92582141176828,0.99124638151703,3,8,3,0,0,00110000001100110100011101000
11,150,31,11,0.938315352233407,1.87993608536939,0.987137774372186,3,8,3,0,0,0010010000100110001101010011000
12,150,33,7,0.745517842810828,1.5106924110431,0.974677061681131,2,4,2,0,10,000000000000000010100010111001000
13,232,35,5,0.591672778582327,1.05402607476278,0.955622269353147,2,4,2,0,0,00000000000000000010000011110000000
14,232,37,4,0.494182934849789,0.771731303549073,0.932111567616675,2,4,2,0,0,0000000000000000000000000111100000000
15,232,39,4,0.47707130621933,0.742140843943785,0.907525068754045,2,4,2,0,0,000000000000000000000000001111000000000
16,232,41,4,0.46121604051391,0.71493326750643,0.882724257194882,2,4,2,0,0,00000000000000000000000000011110000000000
17,232,43,4,0.446481346896803,0.689825469673174,0.858230792641141,2,4,2,0,0,0000000000000000000000000000111100000000000
18,232,45,4,0.432750158788754,0.666577663232953,0.834355843458258,1,2,1,0,0,000000000000000000000000000001111000000000000
19,204,47,4,0.419921097375718,0.644985441024298,0.811278124459133,1,2,1,0,0,00000000000000000000000000000011110000000000000
20,204,49,4,0.407905980138976,0.624873501672121,0.789092159292948,1,2,1,0,0,0000000000000000000000000000000111100000000000000
21,204,51,4,0.396627772778379,0.606090653034748,0.767838732256294,1,2,1,0,0,000000000000000000000000000000001111000000000000000
22,204,53,4,0.386018900569893,0.588505804083161,0.747524413786163,1,2,1,0,0,00000000000000000000000000000000011110000000000000000
23,204,55,4,0.376019850969273,0.572004726907752,0.728134237869055,1,2,1,0,0,0000000000000000000000000000000000111100000000000000000
24,204,57,0,-0,-0,0.699565833773605,-0,1,0,4,4,000000000000000000000000000000000000000000000000000000000
