Step,Level,Rule,Ones,H1,H2,HistoryH1,ProjectU,Candidates,OpenTopics,Verified,PreDecisionH1,TargetH1,RemovedMarks,IsGate,RowBits
0,1,-1,4,0.991076059838222,2,0.991076059838222,4,16,4,0,NaN,NaN,0,0,011101000
1,1,90,4,0.94566030460064,1.89546184423832,0.970950594454669,4,16,4,0,NaN,NaN,0,0,01101001000
2,1,90,6,0.995727452084926,2,0.983376190139224,4,16,4,0,NaN,NaN,0,0,0111001101000
3,1,90,8,0.996791631981637,1.95919042341995,0.99498482818597,4,16,4,0,NaN,NaN,0,0,011011111001000
4,1,90,8,0.997502546369115,2,0.995727452084926,4,16,4,0,NaN,NaN,0,0,01110100011101000
5,1,90,8,0.981940786864098,1.89106111207265,0.993447238380203,4,16,4,0,NaN,NaN,0,0,0110100101101001000
6,1,90,10,0.998363672593813,2,0.994693795361306,4,16,4,0,NaN,NaN,0,0,011100110011001101000
7,1,90,16,0.88654089282209,1.62441439853163,1,4,16,4,0,NaN,NaN,0,0,01101111111111111001000
8,1,90,8,0.904381457724494,1.79248125036058,0.997502546369115,4,16,4,0,NaN,NaN,0,0,0111010000000000011101000
9,1,90,8,0.876716288999464,1.77585894824464,0.991076059838222,4,16,4,0,NaN,NaN,0,0,011010010000000001101001000
10,1,90,12,0.978449329268619,1.95919042341995,0.989654002183737,4,16,4,0,NaN,NaN,0,0,01110011010000000111001101000
11,2,-1,8,0.823811633312317,1.53012496531497,0.979868756651153,3.44385618977472,16,4,0,0.962900414771327,0.829022638386721,4,1,0010100100100000001010010010000
12,2,150,20,0.967294778946894,1.75,0.989434022220226,3.44385618977472,16,4,0,NaN,NaN,0,0,001101111111100000110111111110000
13,2,150,16,0.994693795361306,1.93280457753912,0.99012263089358,3.44385618977472,16,4,0,NaN,NaN,0,0,00100001111110100010000111111010000
14,2,150,20,0.995252549439679,1.97493750120193,0.993390046389318,3.44385618977472,16,4,0,NaN,NaN,0,0,0011100101111001101110010111100110000
15,2,150,18,0.995727452084926,1.99377375432198,0.99365071169104,3.44385618977472,16,4,0,NaN,NaN,0,0,001010111001101100001011100110110010000
16,2,150,16,0.964956766950569,1.93909075952505,0.991897741552935,3.44385618977472,16,4,0,NaN,NaN,0,0,00110100101100000100110010110000011110000
17,2,150,18,0.98079836469443,1.95919042341995,0.991076059838222,3.44385618977472,16,4,0,NaN,NaN,0,0,0010001111000100011110011100010001011010000
18,2,150,24,0.996791631981637,1.96132559747635,0.993408803420549,3.44385618977472,16,4,0,NaN,NaN,0,0,001110101101011101011011010101110110000110000
19,2,150,12,0.819600434619601,1.52037509459335,0.988042611964058,3.44385618977472,16,4,0,NaN,NaN,0,0,00101001000010010010000000101001000010010010000
20,2,150,32,0.931304368579376,1.70058200844624,0.993671576682186,3.44385618977472,16,4,0,NaN,NaN,0,0,0011011111001111111110000011011111001111111110000
21,2,150,28,0.993055483012197,1.95352095112747,0.99551756953235,3.44385618977472,16,4,0,NaN,NaN,0,0,001000011101101111111010001000011101101111111010000
22,3,-1,5,0.450791388354665,0.898581781495293,0.98715586159932,2,4,2,0,0.997687576035255,0.478423945667839,23,1,00000000010000000100000000010000000001000000100000000
23,3,30,15,0.845350936622437,1.50651160401053,0.98231660802055,2,4,2,0,NaN,NaN,0,0,0000000001110000011100000001110000000111000011100000000
24,3,30,15,0.831474388009729,1.67113549359015,0.976975360338475,2,4,2,0,NaN,NaN,0,0,000000000110010001100100000110010000011001001100100000000
25,3,30,30,0.999792765854127,1.8923268803044,0.98023315260112,2,4,2,0,NaN,NaN,0,0,00000000011011110110111100011011110001101111110111100000000
26,3,30,15,0.804717519321077,1.61924070463685,0.974543688231761,2,4,2,0,NaN,NaN,0,0,0000000001100100001001000101100100010110010000001000100000000
27,3,30,32,0.999818246960343,1.93715140322877,0.977895682231035,2,4,2,0,NaN,NaN,0,0,000000000110111100111111011010111101101011110000111011100000000
28,3,30,17,0.829059069399666,1.66898173009094,0.972984563268559,2,4,2,0,NaN,NaN,0,0,00000000011001000111000000100101000010010100010011000100100000000
29,3,30,35,0.998553286083536,1.91431597503913,0.97677600653249,2,4,2,0,NaN,NaN,0,0,0000000001101111011001000011111011001111101101111101011111100000000
30,3,30,19,0.849054424254048,1.69863403242707,0.972571898193178,2,4,2,0,NaN,NaN,0,0,000000000110010000101111001100000101110000010010000010100000100000000
31,3,30,30,0.982615428552612,1.92813639506871,0.97318979138145,2,4,2,0,NaN,NaN,0,0,00000000011011110011010001110100011010010001111110001101100011100000000
32,3,30,29,0.969325379719186,1.93220799318294,0.972988057747854,2,4,2,0,NaN,NaN,0,0,0000000001100100011100110110001101100111110110000010110010101100100000000
33,4,-1,5,0.353359335021421,0.70649010956309,0.962072030361916,1.72192809488736,4,2,0,0.962614705998252,0.388115178270589,24,1,000000000000001000000000001000000000001000000100000000000000010000000000000
34,4,110,10,0.557081908103416,1.02945515798771,0.952765849056293,1.72192809488736,4,2,0,NaN,NaN,0,0,00000000000000110000000000110000000000110000011000000000000001100000000000000
35,4,110,15,0.701206584453967,1.20589632636037,0.94566030460064,1.72192809488736,4,2,0,NaN,NaN,0,0,0000000000000011100000000011100000000011100001110000000000000111000000000000000
36,4,110,15,0.691289869405789,1.37164076218686,0.938415570798712,1.72192809488736,4,2,0,NaN,NaN,0,0,000000000000001101000000001101000000001101000110100000000000011010000000000000000
37,4,110,25,0.882758678795512,1.40534824620397,0.936195625133464,1.72192809488736,4,2,0,NaN,NaN,0,0,00000000000000111110000000111110000000111110011111000000000001111100000000000000000
38,4,110,15,0.672294817075638,1.33131572891528,0.928822517212644,1.72192809488736,4,2,0,NaN,NaN,0,0,0000000000000011000100000011000100000011000101100010000000000110001000000000000000000
39,4,110,25,0.865281702879138,1.5718285294777,0.926404668147414,1.72192809488736,4,2,0,NaN,NaN,0,0,000000000000001110011000001110011000001110011111001100000000011100110000000000000000000
40,4,110,27,0.885372377006848,1.73468923020211,0.924790122774395,1.72192809488736,4,2,0,NaN,NaN,0,0,00000000000000110101110000110101110000110101100010111000000001101011100000000000000000000
41,4,110,37,0.974677061681131,1.69319110673395,0.927526588431676,1.72192809488736,4,2,0,NaN,NaN,0,0,0000000000000011111110100011111110100011111111001111010000000111111101000000000000000000000
42,4,110,23,0.806989604920301,1.50595088925343,0.923670858320421,1.72192809488736,4,2,0,NaN,NaN,0,0,000000000000001100000111001100000111001100000010110011100000011000001110000000000000000000000
43,4,110,29,0.887629705842974,1.69677717066694,0.922321181779118,1.72192809488736,4,2,0,NaN,NaN,0,0,00000000000000111000011010111000011010111000001111101101000001110000110100000000000000000000000
44,5,-1,3,0.199023774559691,0.399790066617014,0.909680848939655,1,2,1,0,0.88002704771576,0.205211434827385,26,1,0000000000000000000000010000000000000000010000000000000000000001000000000000000000000000000000000
45,5,90,6,0.329846070207146,0.658808630716899,0.89820114658544,1,2,1,0,NaN,NaN,0,0,000000000000000000000001010000000000000001010000000000000000000101000000000000000000000000000000000
46,5,90,6,0.325082197645191,0.649360865287364,0.886661215883393,1,2,1,0,NaN,NaN,0,0,00000000000000000000000100010000000000000100010000000000000000010001000000000000000000000000000000000
47,5,90,12,0.519230019739187,1.02242070384833,0.877899602861691,1,2,1,0,NaN,NaN,0,0,0000000000000000000000010101010000000000010101010000000000000001010101000000000000000000000000000000000
48,5,90,6,0.315997132978425,0.631331545392063,0.866411508157351,1,2,1,0,NaN,NaN,0,0,000000000000000000000001000000010000000001000000010000000000000100000001000000000000000000000000000000000
49,5,90,12,0.506365745278774,0.998124564034986,0.857789446125852,1,2,1,0,NaN,NaN,0,0,00000000000000000000000101000001010000000101000001010000000000010100000101000000000000000000000000000000000
50,5,90,12,0.500192621099814,0.986426728730842,0.849256052178094,1,2,1,0,NaN,NaN,0,0,0000000000000000000000010001000100010000010001000100010000000001000100010001000000000000000000000000000000000
51,5,90,24,0.753197991069501,1.42464724735555,0.84629761012177,1,2,1,0,NaN,NaN,0,0,000000000000000000000001010101010101010001010101010101010000000101010101010101000000000000000000000000000000000
52,5,90,6,0.299411329235987,0.59838019896719,0.83522283410325,1,2,1,0,NaN,NaN,0,0,00000000000000000000000100000000000000010100000000000000010000010000000000000001000000000000000000000000000000000
53,5,90,10,0.426228656998145,0.845434628590661,0.826078572615846,1,2,1,0,NaN,NaN,0,0,0000000000000000000000010100000000000001000100000000000001010001010000000000000101000000000000000000000000000000000
54,5,90,12,0.47707130621933,0.942405133277978,0.817955625888072,1,2,1,0,NaN,NaN,0,0,000000000000000000000001000100000000000101010100000000000100010100010000000000010001000000000000000000000000000000000
55,6,-1,0,-0,-0,0.80457698955421,-0,1,0,4,0.471653750252678,-0,12,1,00000000000000000000000000000000000000000000000000000000000000000000000000000000000000000000000000000000000000000000000
