C0,C1,C2,C3,C4,C5,C6,C7,C8,C9,C10,C11,C12,C13,C14,C15
0.0625,0.0625,0.0625,0.0625,0.0625,0.0625,0.0625,0.0625,0.0625,0.0625,0.0625,0.0625,0.0625,0.0625,0.0625,0.0625
0.0625,0.0625,0.0625,0.0625,0.0625,0.0625,0.0625,0.0625,0.0625,0.0625,0.0625,0.0625,0.0625,0.0625,0.0625,0.0625
0.0625,0.0625,0.0625,0.0625,0.0625,0.0625,0.0625,0.0625,0.0625,0.0625,0.0625,0.0625,0.0625,0.0625,0.0625,0.0625
0.0625,0.0625,0.0625,0.0625,0.0625,0.0625,0.0625,0.0625,0.0625,0.0625,0.0625,0.0625,0.0625,0.0625,0.0625,0.0625
0.0625,0.0625,0.0625,0.0625,0.0625,0.0625,0.0625,0.0625,0.0625,0.0625,0.0625,0.0625,0.0625,0.0625,0.0625,0.0625
0.0625,0.0625,0.0625,0.0625,0.0625,0.0625,0.0625,0.0625,0.0625,0.0625,0.0625,0.0625,0.0625,0.0625,0.0625,0.0625
0.0625,0.0625,0.0625,0.0625,0.0625,0.0625,0.0625,0.0625,0.0625,0.0625,0.0625,0.0625,0.0625,0.0625,0.0625,0.0625
0.0625,0.0625,0.0625,0.0625,0.0625,0.0625,0.0625,0.0625,0.0625,0.0625,0.0625,0.0625,0.0625,0.0625,0.0625,0.0625
0.0625,0.0625,0.0625,0.0625,0.0625,0.0625,0.0625,0.0625,0.0625,0.0625,0.0625,0.0625,0.0625,0.0625,0.0625,0.0625
0.0625,0.0625,0.0625,0.0625,0.0625,0.0625,0.0625,0.0625,0.0625,0.0625,0.0625,0.0625,0.0625,0.0625,0.0625,0.0625
0.0625,0.0625,0.0625,0.0625,0.0625,0.0625,0.0625,0.0625,0.0625,0.0625,0.0625,0.0625,0.0625,0.0625,0.0625,0.0625
0.025,0.025,0.025,0.025,0.025,0.025,0.025,0.025,0.1,0.1,0.1,0.1,0.1,0.1,0.1,0.1
0.025,0.025,0.025,0.025,0.025,0.025,0.025,0.025,0.1,0.1,0.1,0.1,0.1,0.1,0.1,0.1
0.025,0.025,0.025,0.025,0.025,0.025,0.025,0.025,0.1,0.1,0.1,0.1,0.1,0.1,0.1,0.1
0.025,0.025,0.025,0.025,0.025,0.025,0.025,0.025,0.1,0.1,0.1,0.1,0.1,0.1,0.1,0.1
0.025,0.025,0.025,0.025,0.025,0.025,0.025,0.025,0.1,0.1,0.1,0.1,0.1,0.1,0.1,0.1
0.025,0.025,0.025,0.025,0.025,0.025,0.025,0.025,0.1,0.1,0.1,0.1,0.1,0.1,0.1,0.1
0.025,0.025,0.025,0.025,0.025,0.025,0.025,0.025,0.1,0.1,0.1,0.1,0.1,0.1,0.1,0.1
0.025,0.025,0.025,0.025,0.025,0.025,0.025,0.025,0.1,0.1,0.1,0.1,0.1,0.1,0.1,0.1
0.025,0.025,0.025,0.025,0.025,0.025,0.025,0.025,0.1,0.1,0.1,0.1,0.1,0.1,0.1,0.1
0.025,0.025,0.025,0.025,0.025,0.025,0.025,0.025,0.1,0.1,0.1,0.1,0.1,0.1,0.1,0.1
0.025,0.025,0.025,0.025,0.025,0.025,0.025,0.025,0.1,0.1,0.1,0.1,0.1,0.1,0.1,0.1
0,0,0,0,0.05,0.05,0.05,0.05,0.2,0.2,0.2,0.2,0,0,0,0
0,0,0,0,0.05,0.05,0.05,0.05,0.2,0.2,0.2,0.2,0,0,0,0
0,0,0,0,0.05,0.05,0.05,0.05,0.2,0.2,0.2,0.2,0,0,0,0
0,0,0,0,0.05,0.05,0.05,0.05,0.2,0.2,0.2,0.2,0,0,0,0
0,0,0,0,0.05,0.05,0.05,0.05,0.2,0.2,0.2,0.2,0,0,0,0
0,0,0,0,0.05,0.05,0.05,0.05,0.2,0.2,0.2,0.2,0,0,0,0
0,0,0,0,0.05,0.05,0.05,0.05,0.2,0.2,0.2,0.2,0,0,0,0
0,0,0,0,0.05,0.05,0.05,0.05,0.2,0.2,0.2,0.2,0,0,0,0
0,0,0,0,0.05,0.05,0.05,0.05,0.2,0.2,0.2,0.2,0,0,0,0
0,0,0,0,0.05,0.05,0.05,0.05,0.2,0.2,0.2,0.2,0,0,0,0
0,0,0,0,0.05,0.05,0.05,0.05,0.2,0.2,0.2,0.2,0,0,0,0
0,0,0,0,0.1,0.1,0,0,0,0,0.4,0.4,0,0,0,0
0,0,0,0,0.1,0.1,0,0,0,0,0.4,0.4,0,0,0,0
0,0,0,0,0.1,0.1,0,0,0,0,0.4,0.4,0,0,0,0
0,0,0,0,0.1,0.1,0,0,0,0,0.4,0.4,0,0,0,0
0,0,0,0,0.1,0.1,0,0,0,0,0.4,0.4,0,0,0,0
0,0,0,0,0.1,0.1,0,0,0,0,0.4,0.4,0,0,0,0
0,0,0,0,0.1,0.1,0,0,0,0,0.4,0.4,0,0,0,0
0,0,0,0,0.1,0.1,0,0,0,0,0.4,0.4,0,0,0,0
0,0,0,0,0.1,0.1,0,0,0,0,0.4,0.4,0,0,0,0
0,0,0,0,0.1,0.1,0,0,0,0,0.4,0.4,0,0,0,0
0,0,0,0,0.1,0.1,0,0,0,0,0.4,0.4,0,0,0,0
0,0,0,0,0,0,0,0,0,0,0.5,0.5,0,0,0,0
0,0,0,0,0,0,0,0,0,0,0.5,0.5,0,0,0,0
0,0,0,0,0,0,0,0,0,0,0.5,0.5,0,0,0,0
0,0,0,0,0,0,0,0,0,0,0.5,0.5,0,0,0,0
0,0,0,0,0,0,0,0,0,0,0.5,0.5,0,0,0,0
0,0,0,0,0,0,0,0,0,0,0.5,0.5,0,0,0,0
0,0,0,0,0,0,0,0,0,0,0.5,0.5,0,0,0,0
0,0,0,0,0,0,0,0,0,0,0.5,0.5,0,0,0,0
0,0,0,0,0,0,0,0,0,0,0.5,0.5,0,0,0,0
0,0,0,0,0,0,0,0,0,0,0.5,0.5,0,0,0,0
0,0,0,0,0,0,0,0,0,0,0.5,0.5,0,0,0,0
0,0,0,0,0,0,0,0,0,0,0,1,0,0,0,0
