k,mass_a,mass_b,entropy,old_zero_condition,closed
1,1,1,1.0,False,False
2,3,1,0.8112781244591328,False,False
3,7,1,0.5435644431995964,False,False
4,15,1,0.3372900666170139,False,False
5,31,1,0.20062232431271465,False,False
6,63,1,0.11611507530476972,False,False
7,127,1,0.06591441234324169,False,False
8,255,1,0.03687450625387198,False,False
9,511,1,0.020393135236084953,False,False
10,1023,1,0.011173818721219527,False,False
11,2047,1,0.006075362677284398,False,False
12,4095,1,0.0032818649698048933,False,False
13,8191,1,0.001763013547630436,False,False
14,16383,1,0.0009425446174581648,False,False
15,32767,1,0.000501790558681815,False,False
16,65535,1,0.00026615423635777775,False,False
17,131071,1,0.0001407065546984111,False,False
18,262143,1,7.416798511185857e-05,False,False
19,524287,1,3.8991343812993774e-05,False,False
20,1048575,1,2.0449346878965513e-05,False,False
21,2097151,1,1.0701510761701396e-05,False,False
22,4194303,1,5.5891740009561294e-06,False,False
23,8388607,1,2.9137963002798123e-06,False,False
24,16777215,1,1.516502797478038e-06,False,False
25,33554431,1,7.880537217673996e-07,False,False
26,67108863,1,4.089280222377188e-07,False,False
27,134217727,1,2.1191459175582605e-07,False,False
28,268435455,1,1.0968258618638565e-07,False,False
29,536870911,1,5.670393824492646e-08,False,False
30,1073741823,1,2.928329169770438e-08,False,False
31,2147483647,1,1.5107307136316347e-08,False,False
32,4294967295,1,7.786484211851147e-09,False,False
33,8589934591,1,4.009657427762284e-09,False,False
34,17179869183,1,2.0630363747970537e-09,False,False
35,34359738367,1,1.0606220178558714e-09,False,False
36,68719476735,1,5.448629241564554e-10,False,False
37,137438953471,1,2.797074196924493e-10,False,False
38,274877906943,1,1.4349168865332592e-10,False,False
39,549755813887,1,7.356483373021119e-11,False,False
40,1099511627775,1,3.7691911566879126e-11,False,False
41,2199023255551,1,1.9300703134326176e-11,False,False
42,4398046511103,1,9.877725242606357e-12,False,False
43,8796093022207,1,5.0525494590248034e-12,False,False
44,17592186044415,1,2.583118148373212e-12,False,False
45,35184372088831,1,1.3199807836170107e-12,False,False
46,70368744177663,1,6.742012465237074e-13,True,False
47,140737488355327,1,3.442060506194548e-13,True,False
48,281474976710655,1,1.7565573898852791e-13,True,False
49,562949953421311,1,8.960422633366421e-14,True,False
50,1125899906842623,1,4.569029158653223e-14,True,False
51,2251799813685247,1,2.3289235003116177e-14,True,False
52,4503599627370495,1,1.186666210648312e-14,True,False
