mode,path,get_bytes,head_bytes,head_length,C1,C2
correct,/n0,0,0,0,True,True
correct,/n1,1,0,1,True,True
correct,/n7,7,0,7,True,True
correct,/n64,64,0,64,True,True
correct,/n1024,1024,0,1024,True,True
omit_length,/n0,0,0,absent,True,True
omit_length,/n1,1,0,absent,True,True
omit_length,/n7,7,0,absent,True,True
omit_length,/n64,64,0,absent,True,True
omit_length,/n1024,1024,0,absent,True,True
body_bug,/n0,0,0,0,True,True
body_bug,/n1,1,1,1,False,True
body_bug,/n7,7,7,7,False,True
body_bug,/n64,64,64,64,False,True
body_bug,/n1024,1024,1024,1024,False,True
length_bug,/n0,0,0,0,True,True
length_bug,/n1,1,0,0,True,False
length_bug,/n7,7,0,0,True,False
length_bug,/n64,64,0,0,True,False
length_bug,/n1024,1024,0,0,True,False
